Company Name,Link,Region,Address,Street,Location,ZipCode,City
AE Projects,https://www.ae.be/en/,Flanders,"Interleuvenlaan 27/B, 3001 Leuven, Belgium",Interleuvenlaan 27/B,3001 Leuven,3001,Leuven
Agilytic,http://www.agilytic.be,Wallonia,"Rue F. Dubois 2, 1310 La Hulpe, Belgium",Rue F. Dubois 2,1310 La Hulpe,1310,La Hulpe
Aptus,https://www.aptus.be/#,Flanders,"Meensesteenweg 449, 8501 Kortrijk, Belgium",Meensesteenweg 449,8501 Kortrijk,8501,Kortrijk
Arinti,https://arinti.ai/,Flanders,"Duigemhofstraat 101, 3020 Herent, Belgium",Duigemhofstraat 101,3020 Herent,3020,Herent
Around Media,https://www.around.media/,Flanders,"Kortrijksesteenweg 1127/0002, 9051, 9000 Gent, Belgium",Kortrijksesteenweg 1127/0002,"9051, 9000 Gent","9051,",9000 Gent
B12 Consulting,https://www.b12-consulting.com/,Wallonia,"Boucle Odon Godart 2, 1348 Ottignies-Louvain-la-Neuve, Belgium",Boucle Odon Godart 2,1348 Ottignies-Louvain-la-Neuve,1348,Ottignies-Louvain-la-Neuve
Blendr.io,https://www.blendr.io/,Flanders,"Grauwpoort 1, 9000 Gent, Belgium",Grauwpoort 1,9000 Gent,9000,Gent
BOBUP,http://www.bobup.be,Brussels,"Rue de Ransbeek 230, 1120 Bruxelles, Belgium",Rue de Ransbeek 230,1120 Bruxelles,1120,Bruxelles
Boltzmann,http://www.boltzmann.be,Flanders,"Gaston Crommenlaan 12, 9031 Gent, Belgium",Gaston Crommenlaan 12,9031 Gent,9031,Gent
Brainjar,http://www.brainjar.ai,Flanders,"Gaston Geenslaan 11, 3001 Leuven, Belgium",Gaston Geenslaan 11,3001 Leuven,3001,Leuven
Brainstorm Consulting,https://www.bstorm.be/,Wallonia,"Rue du Bosquet 7, 1348 Ottignies-Louvain-la-Neuve, Belgium",Rue du Bosquet 7,1348 Ottignies-Louvain-la-Neuve,1348,Ottignies-Louvain-la-Neuve
Calculus,https://www.calculus.group/?lang=fr,Flanders,"Kempenseweg 12, 3690 Zutendaal, Belgium",Kempenseweg 12,3690 Zutendaal,3690,Zutendaal
Chiveo,http://www.chiveo.be/,Wallonia,"Rue St Exupéry 17, 4460 Grâce-Hollogne, Belgium",Rue St Exupéry 17,4460 Grâce-Hollogne,4460,Grâce-Hollogne
Comexis Partners,https://comexis.net/,Wallonia,"Atealaan 34A, 2200 Herentals Belgium, Belgium",Atealaan 34A,2200 Herentals Belgium,2200,Herentals Belgium
CooperLink,http://www.cooperlink.io,Wallonia,"Rue du Bois Saint-Jean 15/1, 4102 Seraing, Belgium",Rue du Bois Saint-Jean 15/1,4102 Seraing,4102,Seraing
Creax,https://creax.com/,Flanders,"Walle 113G, 8500 Kortrijk, Belgium",Walle 113G,8500 Kortrijk,8500,Kortrijk
CrossLang,http://www.crosslang.com/en,Flanders,"Kerkstraat 106, 9050 Gent, Belgium",Kerkstraat 106,9050 Gent,9050,Gent
D-Sight,http://www.d-sight.com/,Brussels,"Witte Patersstraat 4, 1040 Etterbeek, Belgium",Witte Patersstraat 4,1040 Etterbeek,1040,Etterbeek
DART Consulting,http://dartconsult.com/fr/,Brussels,"13 rue du Congrès, 1000 Bruxelles, Belgium",13 rue du Congrès,1000 Bruxelles,1000,Bruxelles
Data Factory,https://www.datafactory.be/,Brussels,"Sinter-Goedeleplein 5, 1000 Brussel, Belgium",Sinter-Goedeleplein 5,1000 Brussel,1000,Brussel
Data Minded,http://www.dataminded.be,Flanders,"Vismarkt 17, 3000 Leuven, Belgium",Vismarkt 17,3000 Leuven,3000,Leuven
Dataa,http://www.dataa.com,Brussels,"Rue Dieudonné Lefèvre 17, 1020 Bruxelles, Belgium",Rue Dieudonné Lefèvre 17,1020 Bruxelles,1020,Bruxelles
Dataroots,http://dataroots.io,Flanders,"Tiensevest 132, 3000 Leuven, Belgium",Tiensevest 132,3000 Leuven,3000,Leuven
Datastories,http://datastories.com,Flanders,"Antoine Coppenslaan 27/bus 11, 2300 Turnhout, Belgium",Antoine Coppenslaan 27/bus 11,2300 Turnhout,2300,Turnhout
Decis,https://www.decis.be/fr/,Wallonia,"Avenue Georges Marchal 18, 1330 Rixensart, Belgium",Avenue Georges Marchal 18,1330 Rixensart,1330,Rixensart
Deeper Analytics,http://deeperanalytics.be,Wallonia,"7 rue du Pré Saint-Germain, 5310 Eghezée, Belgium",7 rue du Pré Saint-Germain,5310 Eghezée,5310,Eghezée
DeltaTec,https://www.deltatec.be/,Wallonia,"Rue Gilles Magnée 92/6, 4430 Ans, Belgium",Rue Gilles Magnée 92/6,4430 Ans,4430,Ans
Dfakto,http://www.dfakto.com,Brussels,"Louis Schmidtlaan 29, 1040 Etterbeek, Belgium",Louis Schmidtlaan 29,1040 Etterbeek,1040,Etterbeek
Engiforce,http://www.engiforce.com/,Wallonia,"All. Arthur Masson, 1400 Nivelles, Belgium",All. Arthur Masson,1400 Nivelles,1400,Nivelles
EuraNova,http://euranova.eu,Wallonia,"Rue Emile Francqui 4, 1435 Mont-Saint-Guibert, Belgium",Rue Emile Francqui 4,1435 Mont-Saint-Guibert,1435,Mont-Saint-Guibert
Faktion,https://www.faktion.com/,Flanders,"Oudeleeuwenrui 39, 2000 Antwerpen, Belgium",Oudeleeuwenrui 39,2000 Antwerpen,2000,Antwerpen
Fit-For-Purpose Tech.,http://www.fitforpurpose.tech/,Brussels,"Victor Oudartstraat 7, 1030 Schaarbeek, Belgium",Victor Oudartstraat 7,1030 Schaarbeek,1030,Schaarbeek
Fourcast,https://gcloud.devoteam.com/,Brussels,"Gemeenschappenlaan 110, 1200 Brussels, Belgium",Gemeenschappenlaan 110,1200 Brussels,1200,Brussels
Freemind,http://www.freemind-group.com,Brussels,"Buro Design Center Esplanade 1, 1020 Laeken, Belgium",Buro Design Center Esplanade 1,1020 Laeken,1020,Laeken
GMind analytics,http://www.gmind.net,Wallonia,"Rue du Millénaire 2, 4840 Welkenraedt, Belgium",Rue du Millénaire 2,4840 Welkenraedt,4840,Welkenraedt
Humain.AI,http://humain.ai,Flanders,"Gaston Crommelaan 8, 9050 Gent, Belgium",Gaston Crommelaan 8,9050 Gent,9050,Gent
I-Pulses,https://www.i-pulses.be/,Wallonia,"Esplanade de Cuyper Beniest 5, 4671 Blégny, Belgium",Esplanade de Cuyper Beniest 5,4671 Blégny,4671,Blégny
In The Pocket,http://inthepocket.com,Flanders,"Sassevaartstraat 46/401, 9000 Gent, Belgium",Sassevaartstraat 46/401,9000 Gent,9000,Gent
Ingestic,https://www.ingestic.be/,Wallonia,"Rue du Manège 18b, 1301 Wavre, Belgium",Rue du Manège 18b,1301 Wavre,1301,Wavre
Invenira,http://www.invenira.com,Flanders,"Professor Roger Van Overstraetenplein 5, 3000 Leuven, Belgium",Professor Roger Van Overstraetenplein 5,3000 Leuven,3000,Leuven
Ixor,https://ixor.be/,Flanders,"Schuttersvest 75, 2800 Mechelen, Belgium",Schuttersvest 75,2800 Mechelen,2800,Mechelen
Kantify,http://kantify.com,Brussels,"Louizalaan 54, 1050 Brussel, Belgium",Louizalaan 54,1050 Brussel,1050,Brussel
Klarrio,https://klarrio.com/,Flanders,"Plantin en Moretuslei 1A, 2018 Antwerpen, Belgium",Plantin en Moretuslei 1A,2018 Antwerpen,2018,Antwerpen
Lantana,http://www.lantana.be,Brussels,"Boulevard d'Anvers / Antwerpselaan 40​,1000 Brussels, Belgium",Boulevard d'Anvers / Antwerpselaan 40​,1000 Brussels,1000,Brussels
ML6,http://ml6.eu,Flanders,"Esplanade Oscar Van De Voorde 1, 9000 Gent, Belgium",Esplanade Oscar Van De Voorde 1,9000 Gent,9000,Gent
Mobius Design Thinking,https://www.mobius.eu/en/,Flanders,"Kortrijksesteenweg 152, 9830 Sint-Martens-Latem, Belgium",Kortrijksesteenweg 152,9830 Sint-Martens-Latem,9830,Sint-Martens-Latem
N-side,http://www.n-side.com,Flanders,"Av. Baudouin 1er 25, 1348 Ottignies-Louvain-la-Neuve, Belgium",Av. Baudouin 1er 25,1348 Ottignies-Louvain-la-Neuve,1348,Ottignies-Louvain-la-Neuve
Odase,http://www.odaseontologies.com,Brussels,"Kazernestraat 45, 1000 Brussel, Belgium",Kazernestraat 45,1000 Brussel,1000,Brussel
Omina Tech.,http://www.omina.be,Flanders,"Mechelsesteenweg 19, 2018 Antwerpen, Belgium",Mechelsesteenweg 19,2018 Antwerpen,2018,Antwerpen
Onebonsai,https://onebonsai.com/fr/,Flanders,"Luchthavenlaan 4, 1800 Vilvoorde, Belgium",Luchthavenlaan 4,1800 Vilvoorde,1800,Vilvoorde
Optimal Computing,https://www.optimalcomputing.be/index.php?company=company,Wallonia,"Rue de la Vignette 36, 7034 Mons, Belgium",Rue de la Vignette 36,7034 Mons,7034,Mons
Optimal Design,https://optimaldesign.com/OD/company.html,Brussels,"20 rue de l'Industrie B, 1400 Nivelles, Belgium",20 rue de l'Industrie B,1400 Nivelles,1400,Nivelles
P4A,https://performanceforassets.com/,Wallonia,"Rue des Gerboises 1, 5100 Namur, Belgium",Rue des Gerboises 1,5100 Namur,5100,Namur
Pegus Digital,https://pegus.digital/,Flanders,"Noordlaan 18, 8520 Kuurne, Belgium",Noordlaan 18,8520 Kuurne,8520,Kuurne
Proxyclick,https://www.proxyclick.com/fr/?ads_cmpid=10183243095&ads_adid=100705580294&ads_matchtype=e&ads_network=g&ads_creative=438584373765&utm_term=proxyclick&ads_targetid=kwd-333521833842&utm_campaign=&utm_source=adwords&utm_medium=ppc&ttv=2&gclid=Cj0KCQiAoab_BRCxARIsANMx4S4eNWy3CB0MJQS_f507NsZWoBKEntVo3N3ow4gD_75rlWTZ5BN3a5QaAgU_EALw_wcB,Brussels,"Sint-Huibrechtsstraat 17, 1150 Brussel, Belgium",Sint-Huibrechtsstraat 17,1150 Brussel,1150,Brussel
Radix.ai,http://www.radix.ai,Brussels,"Kantersteen 10, 1000 Brussel, Belgium",Kantersteen 10,1000 Brussel,1000,Brussel
Reimagine,http://www.reimagine.be,Wallonia,"Witte Patersstraat 4, 1040 Etterbeek, Belgium",Witte Patersstraat 4,1040 Etterbeek,1040,Etterbeek
Room40,http://roomfourzero.com,Flanders,"Quai sur Meuse 19, 4000 Liège, Belgium",Quai sur Meuse 19,4000 Liège,4000,Liège
Sagacify,http://www.sagacify.com,Brussels,"De Broquevillelaan 12, 1150 Brussels, Belgium",De Broquevillelaan 12,1150 Brussels,1150,Brussels
Savaco,http://www.savaco.com/,Flanders,"Beneluxpark 19, 8500 Kortrijk, Belgium",Beneluxpark 19,8500 Kortrijk,8500,Kortrijk
Seen apps,http://www.seen-apps.com,Wallonia,"Rue Marcel de Brogniez 27/1, 4690 Bassenge, Belgium",Rue Marcel de Brogniez 27/1,4690 Bassenge,4690,Bassenge
Sentiance,https://www.sentiance.com,Flanders,"Korte Lozanastraat 20, 2018 Antwerpen, Belgium",Korte Lozanastraat 20,2018 Antwerpen,2018,Antwerpen
Skalup,http://www.skalup.com,Wallonia,"Av. Reine Astrid 16, 5000 Namur, Belgium",Av. Reine Astrid 16,5000 Namur,5000,Namur
Sparkle,https://www.sparkle.tech/,Wallonia,"Rue de la Terre du Prince 17, 7000 Mons, Belgium",Rue de la Terre du Prince 17,7000 Mons,7000,Mons
Tapptic,http://www.tapptic.com,Brussels,"Terkamerenlaan 28/30, 1000 Brussel, Belgium",Terkamerenlaan 28/30,1000 Brussel,1000,Brussel
TDSGN,https://www.tdsgn.be/,Wallonia,"Ninoofsesteenweg 211, 1760 Roosdaal, Belgium",Ninoofsesteenweg 211,1760 Roosdaal,1760,Roosdaal
Tengu,https://www.tengu.io/,Flanders,"Dendermondsesteenweg 50, 9000 Gent, Belgium",Dendermondsesteenweg 50,9000 Gent,9000,Gent
Thelis,http://www.thelis.be,Wallonia,"Rue des Salamandres 2, 5100 Namur, Belgium",Rue des Salamandres 2,5100 Namur,5100,Namur
Trendskout,http://www.trendskout.com,Flanders,"Ottergemsesteenweg Zuid 808, 9000 Gent, Belgium",Ottergemsesteenweg Zuid 808,9000 Gent,9000,Gent
Tropos,http://www.tropos.io,Flanders,"Mechelsesteenweg 271, 2018 Antwerpen, Belgium",Mechelsesteenweg 271,2018 Antwerpen,2018,Antwerpen
Underside,http://www.underside.be,Wallonia,"Av. Georges Lemaître 5, 6041 Charleroi, Belgium",Av. Georges Lemaître 5,6041 Charleroi,6041,Charleroi
VECTR Consulting,https://Vectr.Consulting,Flanders,"De Villermontlaan 9, 2550 Kontich, Belgium",De Villermontlaan 9,2550 Kontich,2550,Kontich
VERHAERT,https://www.verhaert.com,Wallonia,"Hogenakkerhoekstraat 21, 9150 Kruibeke, Belgium",Hogenakkerhoekstraat 21,9150 Kruibeke,9150,Kruibeke
VersaSense,http://www.versasense.com,Flanders,"Kapeldreef 60, 3001 Leuven, Belgium",Kapeldreef 60,3001 Leuven,3001,Leuven
Waylay,http://www.waylay.io,Flanders,"Blekersdijk 33a, 9000 Gent, Belgium",Blekersdijk 33a,9000 Gent,9000,Gent
WEPOC,https://wepoc.be/,Wallonia,"Rue du Traité de Rome 6, 1348 Ottignies-Louvain-la-Neuve, Belgium",Rue du Traité de Rome 6,1348 Ottignies-Louvain-la-Neuve,1348,Ottignies-Louvain-la-Neuve
XC Lab,http://xclab.com/,Wallonia,"Quai Louva, 21, 4102 Seraing, Belgium, Belgium",Quai Louva,"21, 4102 Seraing, Belgium","21,","4102 Seraing, Belgium"
6Wolves,http://www.6wolves.ai,Brussels,"Moerstraat 40, 8000 Brugge, Belgium",Moerstraat 40,8000 Brugge,8000,Brugge
Artiq,http://www.artiq.eu,Flanders,"Professor Roger Van Overstraetenplein 5, 3000 Leuven, Belgium",Professor Roger Van Overstraetenplein 5,3000 Leuven,3000,Leuven
Aspect Analytics,http://www.aspect-analytics.com,Flanders,"C-Mine 12, 3600 Genk, Belgium",C-Mine 12,3600 Genk,3600,Genk
Asylia Diagnostics,https://www.asyliadx.com/,Flanders,"Turnhoutseweg 30, 2340 Beerse, Belgium",Turnhoutseweg 30,2340 Beerse,2340,Beerse
Aurelis,https://aurelis.org/,Flanders,"Oude Godstraat 200, 2650 Edegem, Belgium",Oude Godstraat 200,2650 Edegem,2650,Edegem
Avalasia,http://www.avalasia.com,Flanders,"Bruggestraat 112, 8930 Menen, Belgium",Bruggestraat 112,8930 Menen,8930,Menen
Axiles Bionics,http://www.axilesbionics.com,Brussels,"Raketstraat 64, 1130 Brussel, Belgium",Raketstraat 64,1130 Brussel,1130,Brussel
Axinesis,http://www.axinesis.com,Wallonia,"Av. Sabin 3, 1300 Wavre, Belgium",Av. Sabin 3,1300 Wavre,1300,Wavre
Bartanel,http://bartanel.com,Flanders,"Turnhoutsebaan 139, 2140 Antwerpen, Belgium",Turnhoutsebaan 139,2140 Antwerpen,2140,Antwerpen
Bingli,http://www.mybingli.com,Flanders,"Lange Gasthuisstraat 29/12, 2000 Antwerpen, Belgium",Lange Gasthuisstraat 29/12,2000 Antwerpen,2000,Antwerpen
BioClue,http://www.bioclue.eu,Flanders,"Fabriekstraat 7, 3930 Hamont, Belgium",Fabriekstraat 7,3930 Hamont,3930,Hamont
BioLizard,https://lizard.bio/,Flanders,"Martelaarslaan 408, 9000 Ghent, Belgium",Martelaarslaan 408,9000 Ghent,9000,Ghent
BioStrand,https://www.biostrand.be/,Flanders,"Agoralaan Abis, 3590 Diepenbeek, Belgium",Agoralaan Abis,3590 Diepenbeek,3590,Diepenbeek
BT Clinical Computing,http://www.btclinicalcomputing.com,Wallonia,"Avenue Paul Pastur 361 bte 6, 6032 Charleroi, Belgium",Avenue Paul Pastur 361 bte 6,6032 Charleroi,6032,Charleroi
CluePoints,http://cluepoints.com,Wallonia,"New Tech Center Av. Albert Einstein 2a, 1348 Ottignies-Louvain-la-Neuve, Belgium",New Tech Center Av. Albert Einstein 2a,1348 Ottignies-Louvain-la-Neuve,1348,Ottignies-Louvain-la-Neuve
Creative Therapy,https://www.mycreativetherapy.com/#pll_switcher,Flanders,"Derbystraat, 9051 Gent, Belgium",Derbystraat,9051 Gent,9051,Gent
DEO,https://deo.care/,Flanders,"Da Vincilaan 1, 1930 Zaventem, Belgium",Da Vincilaan 1,1930 Zaventem,1930,Zaventem
Digital Orthopaedics,http://www.digital-orthopaedics.com,Wallonia,"Rue Emile Francqui 1, 1435 Mont-Saint-Guibert, Belgium",Rue Emile Francqui 1,1435 Mont-Saint-Guibert,1435,Mont-Saint-Guibert
DNAlytics,http://dnalytics.com,Wallonia,"Centre Monnet Av. Jean Monnet, 1348 Ottignies-Louvain-la-Neuve, Belgium",Centre Monnet Av. Jean Monnet,1348 Ottignies-Louvain-la-Neuve,1348,Ottignies-Louvain-la-Neuve
EarlyTracks,https://www.earlytracks.com/,Brussels,"Sint-Pieterssteenweg 260, 1040 Bruxelles, Belgium",Sint-Pieterssteenweg 260,1040 Bruxelles,1040,Bruxelles
Ectosense,https://www.ectosense.com/,Flanders,"De Hoorn Sluisstraat 79/00.01, 3000 Leuven, Belgium",De Hoorn Sluisstraat 79/00.01,3000 Leuven,3000,Leuven
emma.health,http://emma.health,Flanders,"Ottergemsesteenweg Zuid 808C/bus 12, 9000 Gent, Belgium",Ottergemsesteenweg Zuid 808C/bus 12,9000 Gent,9000,Gent
Enpy,http://www.enpy.com,Brussels,"Louizalaan 65/11, 1050 Elsene, Belgium",Louizalaan 65/11,1050 Elsene,1050,Elsene
Epcon,http://www.epcon.ai,Flanders,"Sint-Pietersvliet 7, 2000 Antwerpen, Belgium",Sint-Pietersvliet 7,2000 Antwerpen,2000,Antwerpen
Epihunter,https://www.epihunter.com/,Flanders,"Corda Campus Kempische Steenweg 303/200, 3500 Hasselt, Belgium",Corda Campus Kempische Steenweg 303/200,3500 Hasselt,3500,Hasselt
Epilog,http://www.epilog.care,Flanders,"Vlasgaardstraat 52, 9000 Gent, Belgium",Vlasgaardstraat 52,9000 Gent,9000,Gent
FluidDA,https://www.fluidda.com/,Flanders,"Groeningenlei 132, 2550 Kontich, Belgium",Groeningenlei 132,2550 Kontich,2550,Kontich
Gabi Smartcare,https://gabismartcare.com/,Wallonia,"Rue Emile Francqui 6 2nd Floor, 1435 Mont-Saint-Guibert, Belgium",Rue Emile Francqui 6 2nd Floor,1435 Mont-Saint-Guibert,1435,Mont-Saint-Guibert
Genae,https://www.genae.com/,Flanders,"Justitiestraat 6, 2018 Antwerpen, Belgium",Justitiestraat 6,2018 Antwerpen,2018,Antwerpen
HeartKinetics,https://heartkinetics.com/fr/,Wallonia,"Drève Richelle 161/57/Building M, 1410 Waterloo, Belgium",Drève Richelle 161/57/Building M,1410 Waterloo,1410,Waterloo
Hippocreates,http://www.hippocreates.be/,Flanders,"Ter Heidelaan 95A, 3200 Aarschot, Belgium",Ter Heidelaan 95A,3200 Aarschot,3200,Aarschot
IBA,https://iba-worldwide.com/,Wallonia,"Chem. du Cyclotron 3, 1348 Ottignies-Louvain-la-Neuve, Belgium",Chem. du Cyclotron 3,1348 Ottignies-Louvain-la-Neuve,1348,Ottignies-Louvain-la-Neuve
icoMetrix,http://www.icometrix.com,Flanders,"Kolonel Begaultlaan 1b, 3012 Leuven, Belgium",Kolonel Begaultlaan 1b,3012 Leuven,3012,Leuven
Innovation Sprint,https://innovationsprint.eu/,Brussels,"Clos Chapelle-aux-Champs 30 bte 1.30.30, 1200 Brussels, Belgium",Clos Chapelle-aux-Champs 30 bte 1.30.30,1200 Brussels,1200,Brussels
Lindacare,https://lindacare.com/,Flanders,"Grauwmeer 1/41, 3001 Leuven, Belgium",Grauwmeer 1/41,3001 Leuven,3001,Leuven
Lopos,https://www.lopos.be/,Flanders,"Ottergemsesteenweg Zuid 808, 9000 Gent, Belgium",Ottergemsesteenweg Zuid 808,9000 Gent,9000,Gent
Lynxcare,http://lynxcare.be,Flanders,"Tiensevest 132, 3000 Leuven, Belgium",Tiensevest 132,3000 Leuven,3000,Leuven
Medical Robots,http://www.medical-robots.be,Flanders,"De Rondom 18, 5612 AP Eindhoven, Nederland, Belgium",De Rondom 18,"5612 AP Eindhoven, Nederland",5612,"AP Eindhoven, Nederland"
Minze health,https://minzehealth.com/,Flanders,"Offerandestraat 1, 2060 Antwerpen, Belgium",Offerandestraat 1,2060 Antwerpen,2060,Antwerpen
Molecubes,http://molecubes.com,Flanders,"Ottergemsesteenweg Zuid 808 bus 325, 9000 Gent, Belgium",Ottergemsesteenweg Zuid 808 bus 325,9000 Gent,9000,Gent
Mona,https://mona.health/,Flanders,"Business Brewery N.V. Interleuvenlaan 62, 3001 Leuven, Belgium",Business Brewery N.V. Interleuvenlaan 62,3001 Leuven,3001,Leuven
Mynutia,http://www.mynutia.com,Flanders,"Celestijnenlaan 300, 3001 Leuven, Belgium",Celestijnenlaan 300,3001 Leuven,3001,Leuven
Nischala Tech.,https://www.nischalatech.com/,Flanders,"Wilrijk, 2610 Antwerp, Belgium",Wilrijk,2610 Antwerp,2610,Antwerp
OncoDNA,http://www.oncoshare.com,Wallonia,"Rue Louis Breguet 1, 6041 Gosselies, Belgium",Rue Louis Breguet 1,6041 Gosselies,6041,Gosselies
Oncoradiomics,http://www.oncoradiomics.com,Wallonia,"Clos Chanmurly 13, 4000 Liège, Belgium",Clos Chanmurly 13,4000 Liège,4000,Liège
Ontoforce,http://www.ontoforce.com,Flanders,"Moutstraat 108, 9000 Gent, Belgium",Moutstraat 108,9000 Gent,9000,Gent
Ovizio,https://ovizio.com/,Brussels,"Kersbeeklaan 306, 1180 Ukkel, Belgium",Kersbeeklaan 306,1180 Ukkel,1180,Ukkel
Partheas,https://partheas.com/,Flanders,"Sint Jorisstraat 17A, 9300 Aalst, Belgium",Sint Jorisstraat 17A,9300 Aalst,9300,Aalst
Phasya,https://www.phasya.com/en,Wallonia,"Rue du Bois Saint-Jean 29, 4102 Seraing, Belgium",Rue du Bois Saint-Jean 29,4102 Seraing,4102,Seraing
ProteoFormiX,https://www.proteoformix.com/,Flanders,"Janssen Pharmaceutica Campus Turnhoutseweg 30, 2340 Beerse, Belgium",Janssen Pharmaceutica Campus Turnhoutseweg 30,2340 Beerse,2340,Beerse
Qaelum,https://qaelum.com/,Flanders,"Gaston Geenslaan 9, 3001 Leuven, Belgium",Gaston Geenslaan 9,3001 Leuven,3001,Leuven
Qompium,https://www.fibricheck.com/,Flanders,"Corda Campus Kempische Steenweg 303/27, 3500 Hasselt, Belgium",Corda Campus Kempische Steenweg 303/27,3500 Hasselt,3500,Hasselt
QuantaCorp,http://www.QuantaCorp.io,Flanders,"Amelia Earhartlaan 17, 9051 Gent, Belgium",Amelia Earhartlaan 17,9051 Gent,9051,Gent
Relu,http://relu.eu,Flanders,"Kapeldreef 60, 3001 Leuven, Belgium",Kapeldreef 60,3001 Leuven,3001,Leuven
Rombit,http://rombit.com,Flanders,"Meir 30, 2000 Antwerpen, Belgium",Meir 30,2000 Antwerpen,2000,Antwerpen
Saana,https://saana.co/,Brussels,"Rue du Commerce 31, 1000 Bruxelles, Belgium",Rue du Commerce 31,1000 Bruxelles,1000,Bruxelles
Savics,http://www.savics.org,Brussels,"Gemeentelijk Godshuisstraat 6, 1170 Watermaal-Bosvoorde, Belgium",Gemeentelijk Godshuisstraat 6,1170 Watermaal-Bosvoorde,1170,Watermaal-Bosvoorde
Simpl,http://www.logiciel-crm.be/,Wallonia,"48 rue des Martyrs, 4800 Verviers, Belgium",48 rue des Martyrs,4800 Verviers,4800,Verviers
Sneezz,https://sneezz.be/,Flanders,"Kroonstraat 31, 3840 Limburg, Belgium",Kroonstraat 31,3840 Limburg,3840,Limburg
Spectricity,http://spectricity.com,Flanders,"Stationsstraat 55, 2800 Mechelen, Belgium",Stationsstraat 55,2800 Mechelen,2800,Mechelen
Spentys,http:// https://www.spentys.com/,Brussels,"Sint-Denijsstraat 120, 1190 Vorst, Belgium",Sint-Denijsstraat 120,1190 Vorst,1190,Vorst
Strong Supplies,http://strong.supplies,Flanders,"Waalkens 11C, 9000 Gent, Belgium",Waalkens 11C,9000 Gent,9000,Gent
Sunrise,http://www.sunrise-sleep.com,Wallonia,"Chau. de Marche 598/02, 5101 Namur, Belgium",Chau. de Marche 598/02,5101 Namur,5101,Namur
TELEMIS,http://www.telemis.com,Wallonia,"Av. Athéna 2, 1348 Ottignies-Louvain-la-Neuve, Belgium",Av. Athéna 2,1348 Ottignies-Louvain-la-Neuve,1348,Ottignies-Louvain-la-Neuve
The Medical Cloud Company,http://www.medicalcloudcompany.com,Wallonia,"Clos Chanmurly 13, 4000 Liège, Belgium",Clos Chanmurly 13,4000 Liège,4000,Liège
Vitamin.ai,https://vitamin-ai.com,Flanders,"Frans De Cortlaan 3 bus 1, 2610 Antwerp, Belgium",Frans De Cortlaan 3 bus 1,2610 Antwerp,2610,Antwerp
Xperthis,http://www.xperthis.be,Brussels,"Boulevard Bischoffsheim 15, 1000 Bruxelles, Belgium",Boulevard Bischoffsheim 15,1000 Bruxelles,1000,Bruxelles
Yoboo,https://www.yoboo.health/nl/home,Flanders,"Quellinstraat 12/6, 2800 Antwerpen, Belgium",Quellinstraat 12/6,2800 Antwerpen,2800,Antwerpen
Alberts,http://alberts.be,Flanders,"Bijkhoevelaan 32c, 2110 Wijnegem, Belgium",Bijkhoevelaan 32c,2110 Wijnegem,2110,Wijnegem
Amigrow,https://amigrowfarming.com/,Flanders,"Penrhyn-coch, Aberystwyth SY23 3EE, Verenigd Koninkrijk, Belgium",Penrhyn-coch,"Aberystwyth SY23 3EE, Verenigd Koninkrijk",Aberystwyth,"SY23 3EE, Verenigd Koninkrijk"
Ampacimon,http://www.ampacimon.com/,Wallonia,"Rue de Wallonie 11, 4460 Grâce-Hollogne, Belgium",Rue de Wallonie 11,4460 Grâce-Hollogne,4460,Grâce-Hollogne
Ask Attis,http://www.askattis.com,Flanders,"Beersebaan 76, 2310 Rijkevorsel, Belgium",Beersebaan 76,2310 Rijkevorsel,2310,Rijkevorsel
Blacklight Analytics,https://www.blacklight-analytics.com/,Wallonia,"Rue du Bois Saint-Jean, 4102 Seraing, Belgium",Rue du Bois Saint-Jean,4102 Seraing,4102,Seraing
Building IQ,https://www.b-iq.be/nl,Flanders,"Oostlaan 5, 8560 Gullegem, Belgium",Oostlaan 5,8560 Gullegem,8560,Gullegem
BUILDWIND,http://www.buildwind.net,Brussels,"Barastraat 175, 1070 Bruxelles, Belgium",Barastraat 175,1070 Bruxelles,1070,Bruxelles
byNubian,https://www.bynubian.com/fr/,Flanders,"Coupure Rechts 64D, 9000 Gent, Belgium",Coupure Rechts 64D,9000 Gent,9000,Gent
Dapesco,https://www.dapesco.com/fr/,Wallonia,"Rue Granbonpré 4, 1348 Ottignies-Louvain-la-Neuve, Belgium",Rue Granbonpré 4,1348 Ottignies-Louvain-la-Neuve,1348,Ottignies-Louvain-la-Neuve
Enervalis,http://www.enervalis.com,Flanders,"Lummense Kiezel 51, 3510 Hasselt, Belgium",Lummense Kiezel 51,3510 Hasselt,3510,Hasselt
Ethernetics,http://ethernetics.tech,Flanders,"Antwerpse Steenweg 19, 9080 Lochristi, Belgium",Antwerpse Steenweg 19,9080 Lochristi,9080,Lochristi
Foodpairing,https://www.foodpairing.com/fr/home,Flanders,"Ottergemsesteenweg Zuid 808, 9000 Gent, Belgium",Ottergemsesteenweg Zuid 808,9000 Gent,9000,Gent
Hyler,http://www.hyler.be/,Flanders,"Vijvedreef 54, 8710 Wielsbeke, Belgium",Vijvedreef 54,8710 Wielsbeke,8710,Wielsbeke
IPBuilding,https://www.ipbuilding.be/,Flanders,"Ninovesteenweg 196, 9320 Aalst, Belgium",Ninovesteenweg 196,9320 Aalst,9320,Aalst
LAMMP,https://lammp.be/,Flanders,"Mechelsesteenweg 271/bus 2.1, 2018 Antwerpen, Belgium",Mechelsesteenweg 271/bus 2.1,2018 Antwerpen,2018,Antwerpen
Memoco,https://memoco.eu/,Wallonia,"Rue de Rodeuhaie 6, 1348 Ottignies-Louvain-la-Neuve, Belgium",Rue de Rodeuhaie 6,1348 Ottignies-Louvain-la-Neuve,1348,Ottignies-Louvain-la-Neuve
Opinum,https://www.opinum.com/fr,Wallonia,"Rue Emile Francqui 9, 1435 Mont-Saint-Guibert, Belgium",Rue Emile Francqui 9,1435 Mont-Saint-Guibert,1435,Mont-Saint-Guibert
SoundTalks,http://www.soundtalks.be,Flanders,"Interleuvenlaan 15 C, 3001 Leuven, Belgium",Interleuvenlaan 15 C,3001 Leuven,3001,Leuven
Strategic Water,http://strategicwater.be,Flanders,"Gaston Crommenlaan 8, 9050 Gent, Belgium",Gaston Crommenlaan 8,9050 Gent,9050,Gent
Sumaqua,http://www.sumaqua.be,Flanders,"Sluisstraat 79 b3.01, 3000 Leuven, Belgium",Sluisstraat 79 b3.01,3000 Leuven,3000,Leuven
The Kobi Company,http://thekobi.com,Flanders,"Ambachtenlaan 7C, 3001 Leuven, Belgium",Ambachtenlaan 7C,3001 Leuven,3001,Leuven
Toadi,http://www.toadi.com,Flanders,"Eugène Bekaertlaan 61, 8790 Waregem, Belgium",Eugène Bekaertlaan 61,8790 Waregem,8790,Waregem
WeSmart,http://www.wesmart.com,Brussels,"Dieudonné Lefèvrestraat 17, 1020 Brussel, Belgium",Dieudonné Lefèvrestraat 17,1020 Brussel,1020,Brussel
Aividens,http://www.aividens.com,Brussels,"Vrijwilligerslaan 19, 1160 Oudergem, Belgium",Vrijwilligerslaan 19,1160 Oudergem,1160,Oudergem
Automated Analytics,http://automatedanalytics.eu,Flanders,"Frans de Cortlaan 3/bus 1, 2610 Antwerpen, Belgium",Frans de Cortlaan 3/bus 1,2610 Antwerpen,2610,Antwerpen
Booqee,http://www.booqee.com,Brussels,"Gentbrugge kouter 5, 9050 Gent, Belgium",Gentbrugge kouter 5,9050 Gent,9050,Gent
CashForce,http://www.discover-edge.com,Flanders,"Diamantstraat, 2018 Antwerpen, Belgium",Diamantstraat,2018 Antwerpen,2018,Antwerpen
Complidata,http://complidata.io,Flanders,"Oppemstraat 13, 3080 Tervuren, Belgium",Oppemstraat 13,3080 Tervuren,3080,Tervuren
Contract.fit,http://contract.fit,Flanders,"Rue des Poissonniers 13, 1000 Brussels, Belgium",Rue des Poissonniers 13,1000 Brussels,1000,Brussels
DeJuristen,https://dejuristen.be/?lang=fr,Flanders,"Heernislaan 19, 9000 Gent, Belgium",Heernislaan 19,9000 Gent,9000,Gent
Docbyte,https://www.docbyte.com/,Flanders,"Kortrijksesteenweg 1144B, 9051 Gent, Belgium",Kortrijksesteenweg 1144B,9051 Gent,9051,Gent
Edebex,http://edebex.com,Brussels,"Jules Cockx Straat 8-10 box 2, 1160 Brussels, Belgium",Jules Cockx Straat 8-10 box 2,1160 Brussels,1160,Brussels
EisphorIA,http://www.eisphoria.com,Brussels,"Rue Van Hammée 41, 1030 Brussels, Belgium",Rue Van Hammée 41,1030 Brussels,1030,Brussels
Features Analytics,http://www.features-analytics.com,Wallonia,"Rue de Charleroi 2, 1400 Nivelles, Belgium",Rue de Charleroi 2,1400 Nivelles,1400,Nivelles
Horus Software,https://horussoftware.be/fr/,Wallonia,"Quai des Ardennes 9, 4020 Liège, Belgium",Quai des Ardennes 9,4020 Liège,4020,Liège
Infinity Mobile,http://infinity-mobile.io,Flanders,"Hoogstraat 29, 9850 Deinze, Belgium",Hoogstraat 29,9850 Deinze,9850,Deinze
InvestSuite,http://www.investsuite.eu,Flanders,"Sluisstraat 79, 3000 Leuven, Belgium",Sluisstraat 79,3000 Leuven,3000,Leuven
Keyrock,http://keyrock.eu,Brussels,"Louizalaan 251, 1000 Brussel, Belgium",Louizalaan 251,1000 Brussel,1000,Brussel
Lawrenza,https://lawrenza.com/,Brussels,"Chau. de Lasne 5A, 1330 Rixensart, Belgium",Chau. de Lasne 5A,1330 Rixensart,1330,Rixensart
Lex.be,http://lex.be,Brussels,"Witte Patersstraat 4, 1040 Etterbeek, Belgium",Witte Patersstraat 4,1040 Etterbeek,1040,Etterbeek
Ludebo,https://www.sec-dpo.com/,Wallonia,"Willebroekkaai 38, 1000 Brussel, Belgium",Willebroekkaai 38,1000 Brussel,1000,Brussel
NGData,http://www.lilyproject.org,Flanders,"Sluisweg 2 bus 10, 9000 Gent, Belgium",Sluisweg 2 bus 10,9000 Gent,9000,Gent
RiskConcile,http://www.riskconcile.com,Flanders,"Kapeldreef 60, 3001 Leuven, Belgium",Kapeldreef 60,3001 Leuven,3001,Leuven
Vadis Tech.,http://www.vadis.com,Brussels,"Tervurenlaan 270, 1150 Brussel, Belgium",Tervurenlaan 270,1150 Brussel,1150,Brussel
WeGroup,http://www.wegroup.be,Flanders,"Moutstraat 68, 9000 Gent, Belgium",Moutstraat 68,9000 Gent,9000,Gent
Yields,http://yields.io,Brussels,"Wolstraat 68, 1000 Brussel, Belgium",Wolstraat 68,1000 Brussel,1000,Brussel
ActiveMe,http://activeme.be,Wallonia,"Rue Granbonpré 11 B, 1348 Louvain-La-Neuve, Belgium",Rue Granbonpré 11 B,1348 Louvain-La-Neuve,1348,Louvain-La-Neuve
AI Blackbelt,https://www.aiblackbelt.com/,Brussels,"Kantersteen 10, 1000 Brussel, Belgium",Kantersteen 10,1000 Brussel,1000,Brussel
ammco,https://ammco.be/en/,Flanders,"Aarschotsesteenweg 147, 3111 Rotselaar, Belgium",Aarschotsesteenweg 147,3111 Rotselaar,3111,Rotselaar
Be Central,http://becentral.org/,Brussels,"Kantersteen 10/12, 1000 Brussel, Belgium",Kantersteen 10/12,1000 Brussel,1000,Brussel
CitizenLab,http://citizenlab.co,Flanders,"Pachecolaan 34, 1000 Brussel, Belgium",Pachecolaan 34,1000 Brussel,1000,Brussel
Comproved,https://comproved.com/,Flanders,"Boshovestraat 100, 2100 Antwerpen, Belgium",Boshovestraat 100,2100 Antwerpen,2100,Antwerpen
Cytomine,http://www.cytomine.be,Wallonia,"Quai Banning 6, 4000 Liège, Belgium",Quai Banning 6,4000 Liège,4000,Liège
Dalberg Data Insights,http://www.dalberg.com,Brussels,"Avenue Louise 523, 1050 Ixelles, Belgium",Avenue Louise 523,1050 Ixelles,1050,Ixelles
Datacamp,http://www.datamind.org,Flanders,"Martelarenlaan 38, 3010 Leuven, Belgium",Martelarenlaan 38,3010 Leuven,3010,Leuven
Dwengo,https://dwengo.org/,Flanders,"Marcel Thirylaan 194, 1200 Brussels, Belgium",Marcel Thirylaan 194,1200 Brussels,1200,Brussels
Hovertone,https://www.hovertone.com/,Wallonia,"Rue des Soeurs Noires 4, 7000 Mons, Belgium",Rue des Soeurs Noires 4,7000 Mons,7000,Mons
Knowliah,http://www.knowliah.com/,Flanders,"Leuvensesteenweg 282, 3190 Boortmeerbeek, Belgium",Leuvensesteenweg 282,3190 Boortmeerbeek,3190,Boortmeerbeek
La Scientotheque,https://lascientotheque.be/,Brussels,"Expérimentarium de Physique de l'ULB CP238 Triomflaan, 1050 Brussel, Belgium",Expérimentarium de Physique de l'ULB CP238 Triomflaan,1050 Brussel,1050,Brussel
Look,http://www.look-app.net,Wallonia,"Av. Reine Astrid 92, 1310 La Hulpe, Belgium",Av. Reine Astrid 92,1310 La Hulpe,1310,La Hulpe
Molengeek,https://molengeek.com,Brussels,"Pl. de la Minoterie 10, 1080 Molenbeek-Saint-Jean, Belgium",Pl. de la Minoterie 10,1080 Molenbeek-Saint-Jean,1080,Molenbeek-Saint-Jean
Musimap,http://www.musimap.com,Wallonia,"Vrijwilligerslaan 19, 1160 Oudergem, Belgium",Vrijwilligerslaan 19,1160 Oudergem,1160,Oudergem
OPSORO,http://www.opsoro.be,Flanders,"De Krook Platteberg 11, 9000 Gent, Belgium",De Krook Platteberg 11,9000 Gent,9000,Gent
Scriptbook,http://scriptbook.io,Flanders,"Gasstraat  37/8, 9160 Lokeren, Belgium",Gasstraat  37/8,9160 Lokeren,9160,Lokeren
Aloxy,https://www.aloxy.io/,Flanders,"Sint-Pietersvliet 7, 2000 Antwerpen, Belgium",Sint-Pietersvliet 7,2000 Antwerpen,2000,Antwerpen
AMIA Systems,http://www.amia-systems.com,Brussels,"Greenbizz Dieudonné Lefèvrestraat 17, 1020 Brussel, Belgium",Greenbizz Dieudonné Lefèvrestraat 17,1020 Brussel,1020,Brussel
Arkite,https://arkite.com/,Flanders,"C-Mine 12, 3600 Genk, Belgium",C-Mine 12,3600 Genk,3600,Genk
Azumuta,https://www.azumuta.com/,Flanders,"Technologiepark-Zwijnaarde 122, 9052 Gent, Belgium",Technologiepark-Zwijnaarde 122,9052 Gent,9052,Gent
Deltaray,https://deltaray.eu/,Flanders,"Schaliënhoefdreef 20T, 2970 Antwerpen, Belgium",Schaliënhoefdreef 20T,2970 Antwerpen,2970,Antwerpen
Diabatix,http://diabatix.com,Flanders,"Technologielaan 11, 3001 Leuven, Belgium",Technologielaan 11,3001 Leuven,3001,Leuven
epic blue,http://www.epic.blue,Flanders,"Asstraat 5, 3000 Leuven, Belgium",Asstraat 5,3000 Leuven,3000,Leuven
Factry,http://www.factry.io,Brussels,"Oktrooiplein 1, 9000 Gent, Belgium",Oktrooiplein 1,9000 Gent,9000,Gent
Flexible Robotic Solutions,http://www.frsrobotics.com,Flanders,"Kapeldreef 60, 3001 Leuven, Belgium",Kapeldreef 60,3001 Leuven,3001,Leuven
i-Care,https://www.icareweb.com/fr-be/,Wallonia,"Rue René Descartes 18, 7000 Mons, Belgium",Rue René Descartes 18,7000 Mons,7000,Mons
Inimco,https://inimco.com/,Flanders,"Frankrijkstraat 11/k5, 9140 Temse, Belgium",Frankrijkstraat 11/k5,9140 Temse,9140,Temse
Iqunet,http://iqunet.com,Flanders,"Broekstraat 82, 9220 Hamme, Belgium",Broekstraat 82,9220 Hamme,9220,Hamme
Magics Instruments,http://www.magics.tech,Flanders,"Cipalstraat 3, 2440 Geel, Belgium",Cipalstraat 3,2440 Geel,2440,Geel
Metheore,http://metheore.be/,Wallonia,"Rue du Bois Saint-Jean 15/1, 4102 Seraing, Belgium",Rue du Bois Saint-Jean 15/1,4102 Seraing,4102,Seraing
MH Automation,http://www.armin-robot.com,Wallonia,"Rue d'Houdeng 224, 7070 Le Rœulx, Belgium",Rue d'Houdeng 224,7070 Le Rœulx,7070,Le Rœulx
Movanis,http://www.movanis.be/,Flanders,"Movanis, Mijnwerkerslaan 14, 3550 Heusden-Zolder, Belgium",Movanis,"Mijnwerkerslaan 14, 3550 Heusden-Zolder",Mijnwerkerslaan,"14, 3550 Heusden-Zolder"
PEPITe,https://www.pepite.com/,Wallonia,"Forgeur 4/1, 4000 Liège, Belgium",Forgeur 4/1,4000 Liège,4000,Liège
Pick-it,http://www.pickit3d.com,Flanders,"Gaston Geenslaan 9, 3001 Oud-Heverlee, Belgium",Gaston Geenslaan 9,3001 Oud-Heverlee,3001,Oud-Heverlee
SCM Revamp,http://www.scmrevamp.com,Wallonia,"Clos St Feuillien 5, 7070 Le Rœulx, Belgium",Clos St Feuillien 5,7070 Le Rœulx,7070,Le Rœulx
Sitemark,https://www.sitemark.com,Flanders,"Gaston Geenslaan 9, 3001 Leuven, Belgium",Gaston Geenslaan 9,3001 Leuven,3001,Leuven
Sitemark,http:// https://www.smartnodes.be/,Wallonia,"Val Benoit Bât. Génie Civil Quai Banning 6, 4000 Liège, Belgium",Val Benoit Bât. Génie Civil Quai Banning 6,4000 Liège,4000,Liège
Solvice,http://www.solvice.io,Flanders,"Vlasgaardstraat 52, 9000 Gent, Belgium",Vlasgaardstraat 52,9000 Gent,9000,Gent
The Grain,https://www.thegrain.pro/,Flanders,"Sint-Pietersvliet 7, 2000 Antwerpen, Belgium",Sint-Pietersvliet 7,2000 Antwerpen,2000,Antwerpen
ThePickPath,http://thepickpath.com,Wallonia,"Place Arthur Maquet 2, 4263 Braives, Belgium",Place Arthur Maquet 2,4263 Braives,4263,Braives
Tractonomy,http://www.tractonomy.com,Flanders,"Nelson Mandelaplein 2, 8500 Kortrijk, Belgium",Nelson Mandelaplein 2,8500 Kortrijk,8500,Kortrijk
Trendminer,https://www.trendminer.com,Flanders,"Kempische Steenweg 309/5, 3500 Hasselt, Belgium",Kempische Steenweg 309/5,3500 Hasselt,3500,Hasselt
Tusk IC,http://www.tusk-ic.com,Flanders,"Cuperusstraat 5, 2018 Antwerpen, Belgium",Cuperusstraat 5,2018 Antwerpen,2018,Antwerpen
urbantz,http://www.urbantz.com,Brussels,"Louizalaan 251, 1000 Brussel, Belgium",Louizalaan 251,1000 Brussel,1000,Brussel
VoxelSensors,https://www.voxelsensors.com/,Brussels,"Rue Pierre Decoster 96 / 1, 1190 Forest, Belgium",Rue Pierre Decoster 96 / 1,1190 Forest,1190,Forest
Yazzoom,http://www.yazzoom.com,Flanders,"Derbystraat 65/building A, 9051 Gent, Belgium",Derbystraat 65/building A,9051 Gent,9051,Gent
Zensor,http://www.zensor.be,Brussels,"Witte Patersstraat 4, 1040 Etterbeek, Belgium",Witte Patersstraat 4,1040 Etterbeek,1040,Etterbeek
Airshaper,http://www.airshaper.com,Flanders,"Kreeftstraat 20, 2018 Antwerp, Belgium",Kreeftstraat 20,2018 Antwerp,2018,Antwerp
Conundra,http://www.conundra.eu,Flanders,"Voordries 41, 9860 Oosterzele, Belgium",Voordries 41,9860 Oosterzele,9860,Oosterzele
Dropon,http://dropon.io,Flanders,"Oktrooiplein 1/bus 201, 9000 Gent, Belgium",Oktrooiplein 1/bus 201,9000 Gent,9000,Gent
eXia,https://www.exia.eu/site/,Brussels,"Pleinlaan 2, 1050 Brussels, Belgium",Pleinlaan 2,1050 Brussels,1050,Brussels
Ivex,http://www.ivex.ai,Flanders,"Kapeldreef 60, 3001 Leuven, Belgium",Kapeldreef 60,3001 Leuven,3001,Leuven
Jeasy,http://jeasy.ai,Brussels,"De Broquevillelaan 12, 1150 Brussel, Belgium",De Broquevillelaan 12,1150 Brussel,1150,Brussel
Mabo E&A,http://www.agv-automation.com,Flanders,"Mallekotstraat 43a, 2500 Lier, Belgium",Mallekotstraat 43a,2500 Lier,2500,Lier
Motulus,https://motulus.com/,Flanders,"Antwerpse Steenweg 61, 2660 Antwerpen, Belgium",Antwerpse Steenweg 61,2660 Antwerpen,2660,Antwerpen
Movetex,http://movetex.be,Flanders,"Provincieweg 405, 9550 Herzele, Belgium",Provincieweg 405,9550 Herzele,9550,Herzele
OTIV,http://www.otiv.ai,Flanders,"Vijfwindgatenstraat 21 E, 9000 Gent, Belgium",Vijfwindgatenstraat 21 E,9000 Gent,9000,Gent
railnova,https://www.railnova.eu,Brussels,"Emile Feronstraat 153, 1060 Brussel, Belgium",Emile Feronstraat 153,1060 Brussel,1060,Brussel
Sailsense,http://www.sailsense.io,Brussels,"Kantersteen 47, 1000 Brussel, Belgium",Kantersteen 47,1000 Brussel,1000,Brussel
SEAFAR,http://www.seafar.eu,Flanders,"Sint-Pietersvliet 7, 2000 Antwerpen, Belgium",Sint-Pietersvliet 7,2000 Antwerpen,2000,Antwerpen
Westray,http://www.westray.eu,Flanders,"Lange Lobroekstraat 41-45, 2060 Antwerp, Belgium",Lange Lobroekstraat 41-45,2060 Antwerp,2060,Antwerp
XenomatiX,http://www.xenomatix.com,Flanders,"Research Park Haasrode Romeinse straat 6, 3001 Leuven, Belgium",Research Park Haasrode Romeinse straat 6,3001 Leuven,3001,Leuven
Amoobi,https://www.amoobi.com/,Wallonia,"Rue de l'Industrie 20, 1400 Nivelles, Belgium",Rue de l'Industrie 20,1400 Nivelles,1400,Nivelles
Calltic,http://www.calltic.com,Flanders,"Vijfwindgatenstraat 21, 9000 Gent, Belgium",Vijfwindgatenstraat 21,9000 Gent,9000,Gent
Elymentz,http://www.elymentz.com,Brussels,"De Meeûssquare 38/40, 1000 Brussel, Belgium",De Meeûssquare 38/40,1000 Brussel,1000,Brussel
Retailsonar,http://retailsonar.com,Flanders,"Ferdinand Lousbergskaai 103, 9000 Gent, Belgium",Ferdinand Lousbergskaai 103,9000 Gent,9000,Gent
RetViews,http://retviews.com,Brussels,"Louizalaan 231, 1050 Brussel, Belgium",Louizalaan 231,1050 Brussel,1050,Brussel
Riaktr,http://www.riaktr.com,Brussels,"Kapitein Crespelstraat 2/4, 1050 Elsene, Belgium",Kapitein Crespelstraat 2/4,1050 Elsene,1050,Elsene
Shavatar,http://www.shavatar.me,Flanders,"Eerste Meistraat 75, 2845 Niel, Belgium",Eerste Meistraat 75,2845 Niel,2845,Niel
The retail factory,https://theretailfactory.be,Flanders,"Meir 78, 2000 Antwerpen
 , Belgium",Meir 78,2000 Antwerpen,2000,Antwerpen
Treedy’s,http://treedys.com/,Brussels,"Avenue George Bergmann 117, 1050 Ixelles, Belgium",Avenue George Bergmann 117,1050 Ixelles,1050,Ixelles
Araani,http://www.araani.com,Flanders,"Luipaardstraat 12, 8500 Kortrijk, Belgium",Luipaardstraat 12,8500 Kortrijk,8500,Kortrijk
Depthen,https://www.depthen.com/fr/,Wallonia,"Bd Dolez 31, 7000 Mons, Belgium",Bd Dolez 31,7000 Mons,7000,Mons
EyeSee,http://www.eyesee.be,Flanders,"Franklin Rooseveltlaan 349, 9000 Gent, Belgium",Franklin Rooseveltlaan 349,9000 Gent,9000,Gent
Fielddrive,http://www.fielddrive.eu,Flanders,"Mechelsesteenweg 303, 2830 Willebroek, Belgium",Mechelsesteenweg 303,2830 Willebroek,2830,Willebroek
Humainly,http://webmonks.vision,Flanders,"311 p.o. 1.02 Kempische Steenweg, 3500 Hasselt, Belgium",311 p.o. 1.02 Kempische Steenweg,3500 Hasselt,3500,Hasselt
Kaspard,http://kaspard.com,Brussels,"Vorstlaan 36, 1170 Watermaal-Bosvoorde, Belgium",Vorstlaan 36,1170 Watermaal-Bosvoorde,1170,Watermaal-Bosvoorde
Limecraft,https://www.limecraft.com/,Flanders,"Sint-Salvatorstraat 18b/301, 9000 Gent, Belgium",Sint-Salvatorstraat 18b/301,9000 Gent,9000,Gent
Macty,http://macty.eu,Flanders,"Prof. R. Van Overstraetenplein 2, 3000 Leuven, Belgium",Prof. R. Van Overstraetenplein 2,3000 Leuven,3000,Leuven
Mintt,https://mintt.care/,Wallonia,"Louizalaan 251, 1050 Brussel, Belgium",Louizalaan 251,1050 Brussel,1050,Brussel
Phoenix AI,https://www.phoenix-ai.com/,Wallonia,"2, Rue du vent des noirs moineaux, 7600 Péruwelz, Belgium",2,"Rue du vent des noirs moineaux, 7600 Péruwelz",Rue,"du vent des noirs moineaux, 7600 Péruwelz"
PixelVision,http://www.pixelvision.be,Flanders,"Kempische Steenweg 303/b23, 3500 Hasselt, Belgium",Kempische Steenweg 303/b23,3500 Hasselt,3500,Hasselt
Piximate,http://www.piximate.net,Wallonia,"Av. Reine Astrid 92, 1310 La Hulpe, Belgium",Av. Reine Astrid 92,1310 La Hulpe,1310,La Hulpe
Robovision,http://www.robovision.ai,Flanders,"Technologiepark-Zwijnaarde 80, 9052 Gent, Belgium",Technologiepark-Zwijnaarde 80,9052 Gent,9052,Gent
SeeMe,http://seeme.ai,Flanders,"Leschot 28, 2440 Geel, Belgium",Leschot 28,2440 Geel,2440,Geel
Segments.ai,http://segments.ai,Flanders,"Professor Roger Van Overstraetenplein 5, 3000 Leuven, Belgium",Professor Roger Van Overstraetenplein 5,3000 Leuven,3000,Leuven
Sensifai,http://www.sensifai.com,Brussels,"Mechelsesteenweg 455, 1950 Kraainem, Belgium, Belgium",Mechelsesteenweg 455,"1950 Kraainem, Belgium",1950,"Kraainem, Belgium"
VeriFlix,http://www.veriflix.ai/en/,Wallonia,"Av. Reine Astrid 92, 1310 La Hulpe, Belgium",Av. Reine Astrid 92,1310 La Hulpe,1310,La Hulpe
ViBE,http://www.vibeinmotion.com,Wallonia,"Turnhoutsebaan 139a, 2140 Antwerpen, Belgium",Turnhoutsebaan 139a,2140 Antwerpen,2140,Antwerpen
3State,https://3state.eu/,Flanders,"Kanunnik de Deckerstraat 20a, 2800 Mechelen, Belgium",Kanunnik de Deckerstraat 20a,2800 Mechelen,2800,Mechelen
Aerospacelab,http://www.aerospacelab.be/,Wallonia,"Rue André Dumont 9, 1435 Mont-Saint-Guibert, Belgium",Rue André Dumont 9,1435 Mont-Saint-Guibert,1435,Mont-Saint-Guibert
Airobot,https://airobot.eu/,Flanders,"1090, Lichtenberglaan, 3800 Sint-Truiden, Belgium",1090,"Lichtenberglaan, 3800 Sint-Truiden","Lichtenberglaan,",3800 Sint-Truiden
ALX systems,http://www.alxsys.com,Flanders,"Rue de la Résistance 26, 4681 Oupeye, Belgium",Rue de la Résistance 26,4681 Oupeye,4681,Oupeye
CrowdScan,http://www.crowdscan.be/,Flanders,"Sint-Pietersvliet 7, 2000 Antwerpen, Belgium",Sint-Pietersvliet 7,2000 Antwerpen,2000,Antwerpen
DeltaQ,http://www.deltaq.io,Brussels,"Antwerpselaan 40, 1000 Brussel, Belgium",Antwerpselaan 40,1000 Brussel,1000,Brussel
Dronematrix,https://www.dronematrix.eu/,Flanders,"Herkenrodesingel 4 / 1, 3500 Hasselt, Belgium",Herkenrodesingel 4 / 1,3500 Hasselt,3500,Hasselt
EASICS,https://www.easics.com/,Flanders,"Diestsevest 32/2B, 3000 Leuven, Belgium",Diestsevest 32/2B,3000 Leuven,3000,Leuven
Edgise,http://www.edgise.com,Flanders,"Gaston Geenslaan 11/B4, 3001 Leuven, Belgium",Gaston Geenslaan 11/B4,3001 Leuven,3001,Leuven
Geckomatics,http://www.geckomatics.com,Flanders,"Borsbeeksebrug 34, 2600 Antwerpen-Berchem, Belgium",Borsbeeksebrug 34,2600 Antwerpen-Berchem,2600,Antwerpen-Berchem
Intermodalics,https://www.intermodalics.eu/,Flanders,"Gaston Geenslaan 9, 3001 Leuven, Belgium",Gaston Geenslaan 9,3001 Leuven,3001,Leuven
IOOS,http://www.ioos.be,Flanders,"Donklaan 182, 9290 Berlare, Belgium",Donklaan 182,9290 Berlare,9290,Berlare
March,http://www.letsmarch.be,Flanders,"Luxemburgstraat 16B, 1000 Brussels , Belgium",Luxemburgstraat 16B,1000 Brussels,1000,Brussels
Oscars,https://www.oscars-sa.eu/,Wallonia,"Place du Chapitre 16, 5300 Andenne, Belgium",Place du Chapitre 16,5300 Andenne,5300,Andenne
Rockestate,http://www.rockestate.be,Brussels,"Witte Patersstraat 4, 1040 Etterbeek, Belgium",Witte Patersstraat 4,1040 Etterbeek,1040,Etterbeek
SpacePal,http://spacepal.eu,Flanders,"Bijkhoevelaan 32c, 2110 Wijnegem, Belgium",Bijkhoevelaan 32c,2110 Wijnegem,2110,Wijnegem
Uware Tech.,http://uware.io,Brussels,"de Perckestraat 127, 1180 Brussel, Belgium",de Perckestraat 127,1180 Brussel,1180,Brussel
Bothive,http://bothive.be,Flanders,"Coupure Rechts 620, 9000 Gent, Belgium",Coupure Rechts 620,9000 Gent,9000,Gent
BOTWISER,http://botwiser.com,Brussels,"Rue fossé aux Loups 11, 1000 Brussels, Belgium",Rue fossé aux Loups 11,1000 Brussels,1000,Brussels
Chatbot Plus,http://chatbot-plus.com,Brussels,"Leuvensesteenweg 775, 1140 Brussel, Belgium",Leuvensesteenweg 775,1140 Brussel,1140,Brussel
Chatlayer,https://chatlayer.ai/,Flanders,"Ankerrui 9, 2000 Antwerpen, Belgium",Ankerrui 9,2000 Antwerpen,2000,Antwerpen
Clever,http://clever.be,Flanders,"Foreestelaan 1, Ghent 9000, Belgium",Foreestelaan 1,Ghent 9000,Ghent,9000
Craftworkz,https://www.craftworkz.co/,Flanders,"Gaston Geenslaan 11, 3001 Leuven, Belgium",Gaston Geenslaan 11,3001 Leuven,3001,Leuven
FaqBot,http://www.faqbot.co,Wallonia,"Chau. de Bruxelles 408, 1300 Wavre, Belgium",Chau. de Bruxelles 408,1300 Wavre,1300,Wavre
Lawren.io,http://lawren.io,Flanders,"Sint-Pietersvliet 7, 2000 Antwerpen, Belgium",Sint-Pietersvliet 7,2000 Antwerpen,2000,Antwerpen
LiNGUiNEO,http://www.linguineo.com,Flanders,"Schipvaartstraat 24 / 407, 3000 Leuven, Belgium",Schipvaartstraat 24 / 407,3000 Leuven,3000,Leuven
OSWALD,https://www.oswald.ai/,Flanders,"Veldkant 33 A, 2550 Kontich, Belgium",Veldkant 33 A,2550 Kontich,2550,Kontich
Acapela Group,https://www.acapela-group.com/,Wallonia,"Bd Dolez 33, 7000 Mons, Belgium",Bd Dolez 33,7000 Mons,7000,Mons
Avantopy,http://avantopy.com,Flanders,"Albert Stainierstraat 4, 3001 Leuven, Belgium",Albert Stainierstraat 4,3001 Leuven,3001,Leuven
Iris,https://irisprosolutions.com/,Flanders,"Rue du Bosquet 10, 1348 Louvain-la-Neuve, Belgium",Rue du Bosquet 10,1348 Louvain-la-Neuve,1348,Louvain-la-Neuve
Mentis,https://thingks.io/,Brussels,"Rue du congrès BP 5, 1000 Brussels , Belgium",Rue du congrès BP 5,1000 Brussels,1000,Brussels
NLP Town,https://www.nlp.town/,Flanders,"Lange Lostraat 11, 3212 Lubbeek, Belgium",Lange Lostraat 11,3212 Lubbeek,3212,Lubbeek
Say It Labs,http://www.sayitlabs.com,Flanders,"Domeinstraat 58, 3010 Leuven, Belgium",Domeinstraat 58,3010 Leuven,3010,Leuven
SmartSpoken,http://www.thecofoundry.co/investments-1/2016/12/29/smartspoken,Flanders,"Lange Gasthuisstraat 29, 2000 Antwerpen, Belgium",Lange Gasthuisstraat 29,2000 Antwerpen,2000,Antwerpen
Textgain,http://www.textgain.com,Flanders,"Lodewijk van Berckenlaan 180/2, 2140 Antwerpen, Belgium",Lodewijk van Berckenlaan 180/2,2140 Antwerpen,2140,Antwerpen
ThinkNext,http://www.thinknext.be,Flanders,"Minderbroedersstraat 17/2, 3000 Leuven, Belgium",Minderbroedersstraat 17/2,3000 Leuven,3000,Leuven
Winston Analytics,http://www.winston-analytics.com,Flanders,"Holstraat 44, 9000 Gent, Belgium",Holstraat 44,9000 Gent,9000,Gent
Acic,http://www.acic.eu/fr/,Wallonia,"Bd Initialis 28, 7000 Mons, Belgium",Bd Initialis 28,7000 Mons,7000,Mons
Crodeon Tech.,https://www.crodeon.com/,Flanders,"Technologiepark-Zwijnaarde 82, 9052 Gent, Belgium",Technologiepark-Zwijnaarde 82,9052 Gent,9052,Gent
EMDYN,https://www.emdyn.com/,Flanders,"Gaston Crommenlaan 8, 9050 Gent, Belgium",Gaston Crommenlaan 8,9050 Gent,9050,Gent
Engine27,http://www.engine27.be,Flanders,"Generaal Armstrongweg 1, 2020 Antwerpen, Belgium",Generaal Armstrongweg 1,2020 Antwerpen,2020,Antwerpen
Entelec Control Systems,https://www.entelec.eu/,Flanders,"Wetenschapspark 25, 3590 Diepenbeek, Belgium",Wetenschapspark 25,3590 Diepenbeek,3590,Diepenbeek
Hozint,https://www.hozint.com/,Brussels,"Rue Henri Van Zuylen 36, 1180 Uccle, Belgium",Rue Henri Van Zuylen 36,1180 Uccle,1180,Uccle
IP Metro,https://ipmetro.com/,Flanders,"Kerselaarstraat 28, 9820 Merelbeke, Belgium",Kerselaarstraat 28,9820 Merelbeke,9820,Merelbeke
Kerberos,http://kerberos.io,Flanders,"Tiensesteenweg 170, 3001 Leuven, Belgium",Tiensesteenweg 170,3001 Leuven,3001,Leuven
Mauhn,http://mauhn.com,Flanders,"Désiré Toeffaertstraat 34, 9050 Gent, Belgium",Désiré Toeffaertstraat 34,9050 Gent,9050,Gent
Mediabos,https://www.mediabos.be/,Wallonia,"Lohirville 22A à, 4890 Thimister-Clermont, Belgium",Lohirville 22A à,4890 Thimister-Clermont,4890,Thimister-Clermont
Nviso,http://www.nviso.be,Brussels,"Guimardstraat 8, 1000 Brussel, Belgium",Guimardstraat 8,1000 Brussel,1000,Brussel
Phished,http://phished.be,Flanders,"138, Bondgenotenlaan, 3000 Leuven, Belgium",138,"Bondgenotenlaan, 3000 Leuven","Bondgenotenlaan,",3000 Leuven
Qualitics,http://www.qualitics.eu,Wallonia,"Rue de Sclaigneau 657, 5300 Vezin, Belgium",Rue de Sclaigneau 657,5300 Vezin,5300,Vezin
Roborana,http://roborana.be,Flanders,"Veldkant 33b, 2550 Kontich, Belgium",Veldkant 33b,2550 Kontich,2550,Kontich
Senhive,http://senhive.com,Flanders,"Lichtenberglaan 1090, 3800 Sint-Truiden, Belgium",Lichtenberglaan 1090,3800 Sint-Truiden,3800,Sint-Truiden
sweepatic,http:// https://www.sweepatic.com,Flanders,"Kapeldreef 60, 3001 Leuven, Belgium",Kapeldreef 60,3001 Leuven,3001,Leuven
Actonomy,https://www.googleadservices.com/pagead/aclk?sa=L&ai=DChcSEwihua69rO7tAhWChtUKHb8DDx8YABAAGgJ3cw&ohost=www.google.com&cid=CAESQOD2wAaMm978LFJgSpSJVPPCWzil5ja8i25J7R6DaC48uyp9q5QQJf2MrcJeabi9ovIl7ijunPuaL4-fv_I2TsE&sig=AOD64_3nnSJs5bnAPLHiU0joRkn0cFavTA&q&adurl&ved=2ahUKEwj06qe9rO7tAhUN8BoKHZlFALkQ0Qx6BAgFEAE,Flanders,"Xavier de Cocklaan 68, 9831 Sint-Martens-Latem, Belgium",Xavier de Cocklaan 68,9831 Sint-Martens-Latem,9831,Sint-Martens-Latem
Allthingsblue,http://allthingsblue.eu,Flanders,"Josse Biesmanstraat 60, 1560 Hoeilaart, Belgium",Josse Biesmanstraat 60,1560 Hoeilaart,1560,Hoeilaart
AlterEdu,http://www.alteredu.be,Flanders,"Kantersteen 10, 1000 Brussel, Belgium",Kantersteen 10,1000 Brussel,1000,Brussel
BeWorkHappy,http://www.beworkhappy.be,Flanders,"Otto Veniusstraat 9, 2000 Antwerpen , Belgium",Otto Veniusstraat 9,2000 Antwerpen,2000,Antwerpen
Conversation Starter,https://www.conversationstarter.net/,Flanders,"Borsbeeksebrug 34, 2600 Antwerp, Belgium",Borsbeeksebrug 34,2600 Antwerp,2600,Antwerp
EngineerX,http://www.engineerx.com,Flanders,"Belgicastraat 5/bus 2, 1930 Zaventem, Belgium",Belgicastraat 5/bus 2,1930 Zaventem,1930,Zaventem
Hirering,http://www.hirering.eu,Wallonia,"Cours Saint Michel 30A, 1040 Etterbeek, Belgium",Cours Saint Michel 30A,1040 Etterbeek,1040,Etterbeek
ImplicitMeasures,https://implicitmeasures.com/,Flanders,"Technologiepark 82, 9052 Gent, Belgium",Technologiepark 82,9052 Gent,9052,Gent
JiGSO,http://jigso.com,Flanders,"Antwerpse Steenweg 61, 2660 Antwerpen, Belgium",Antwerpse Steenweg 61,2660 Antwerpen,2660,Antwerpen
Jobgether,https://jobgether.com/,Brussels,"avenue du Prince de Ligne 91/3, 1180 Uccle, Belgium",avenue du Prince de Ligne 91/3,1180 Uccle,1180,Uccle
Karamel.one,https://karamel.one/,Flanders,"Edward Pynaertkaai 93, 9000 Gent, Belgium",Edward Pynaertkaai 93,9000 Gent,9000,Gent
ShiftMeApp,http://www.restaurant.shiftmeapp.com,Brussels,"Louizalaan 523, 1050 Brussel, Belgium",Louizalaan 523,1050 Brussel,1050,Brussel
Sympl,https://sympl.be/,Flanders,"Rijnkaai 37/bus 4, 2000 Antwerpen, Belgium",Rijnkaai 37/bus 4,2000 Antwerpen,2000,Antwerpen
Techwolf,http://www.techwolf.be,Flanders,"Overzet 14b, 9000 Gent, Belgium",Overzet 14b,9000 Gent,9000,Gent
theMatchbox,http://thematchbox.be,Flanders,"Corluylei 43, 2150 Borsbeek, Belgium",Corluylei 43,2150 Borsbeek,2150,Borsbeek
Traicie,http://traicie.com,Flanders,"Deinsesteenweg 114, 9031 Gent, Belgium",Deinsesteenweg 114,9031 Gent,9031,Gent
Adunio,http://www.adun.io,Flanders,"Luchthavenlaan 27 / 56, 1800 Vilvoorde, Belgium",Luchthavenlaan 27 / 56,1800 Vilvoorde,1800,Vilvoorde
Apptweak,http://www.apptweak.com,Brussels,"Louizalaan 235, 1050 Brussel, Belgium",Louizalaan 235,1050 Brussel,1050,Brussel
ASKOLI,http://www.askoli.net,Wallonia,"Avenue Melina Mercouri 9, 7000 Mons, Belgium",Avenue Melina Mercouri 9,7000 Mons,7000,Mons
BossData,https://bossdata.be/contact/,Flanders,"Broederminstraat 9, 2018 Antwerpen, Belgium",Broederminstraat 9,2018 Antwerpen,2018,Antwerpen
Co-libry,https://co-libry.com/,Flanders,"Antoinette Vandeputtepad 25, 9000 Gent, Belgium",Antoinette Vandeputtepad 25,9000 Gent,9000,Gent
Cropland,http://www.cropland.be,Flanders,"Willem Van Laarstraat 86 bus 02, 2600 Antwerpen, Belgium",Willem Van Laarstraat 86 bus 02,2600 Antwerpen,2600,Antwerpen
Customer-Care AI,http://www.customer-care.ai/,Brussels,"Zuiderpoort Gaston Crommenlaan 14/C1.1, 9000 Gent, Belgium",Zuiderpoort Gaston Crommenlaan 14/C1.1,9000 Gent,9000,Gent
eRowz,http://www.site-annonce.be,Wallonia,"Rue Jean Burgers 2, 7850 Enghien, Belgium",Rue Jean Burgers 2,7850 Enghien,7850,Enghien
Hello Customer,https://www.hellocustomer.com/en/,Flanders,"Zuiderpoort Gaston Crommenlaan 14/C1.1, 9000 Gent, Belgium",Zuiderpoort Gaston Crommenlaan 14/C1.1,9000 Gent,9000,Gent
Hive CPQ,http://www.hivecpq.com,Flanders,"Kleindokkaai 17, 9000 Gent, Belgium",Kleindokkaai 17,9000 Gent,9000,Gent
Instaon,https://instaon.io/fr,Brussels,"Rue de France 44, 7711 Mouscron, Belgium",Rue de France 44,7711 Mouscron,7711,Mouscron
Ittention,https://www.ittention.com/,Wallonia,"Bd Dolez, 7000 Mons, Belgium",Bd Dolez,7000 Mons,7000,Mons
Juyo Analytics,http://juyoanalytics.com,Brussels,"4 Rue Saint Lazare, 1210 Brussels, Belgium",4 Rue Saint Lazare,1210 Brussels,1210,Brussels
Koopol,http://koopol.com,Wallonia,"Av. du Général Michel 1e, 6000 Charleroi, Belgium",Av. du Général Michel 1e,6000 Charleroi,6000,Charleroi
LR Physics Consulting,https://lrdatascience.com/,Wallonia,"Rue de Corthys 11, 4280 Hannut, Belgium",Rue de Corthys 11,4280 Hannut,4280,Hannut
Marketing & more,https://www.marketingandmore.be/,Flanders,"Veldkant 33, 2250 Kontich, Belgium",Veldkant 33,2250 Kontich,2250,Kontich
Memovie,http://www.memovie.be,Wallonia,"Av. Einstein 11, 1300 Wavre, Belgium",Av. Einstein 11,1300 Wavre,1300,Wavre
ML2Grow,http://www.ml2grow.com,Flanders,"Reigerstraat 8, 9000 Gent, Belgium",Reigerstraat 8,9000 Gent,9000,Gent
MoodMe,http://www.moodme.biz,Wallonia,"Rue des Vertes Haies 15, 1400 Nivelles, Belgium",Rue des Vertes Haies 15,1400 Nivelles,1400,Nivelles
Novable,https://novable.com/,Brussels,"Terhulpensesteenweg 150, 1170 Watermaal-Bosvoorde, Belgium",Terhulpensesteenweg 150,1170 Watermaal-Bosvoorde,1170,Watermaal-Bosvoorde
Plunch,http://www.plunch.net,Wallonia,"Rue de l'Etat-Tiers 5 Boîte 31, 4000 Liège, Belgium",Rue de l'Etat-Tiers 5 Boîte 31,4000 Liège,4000,Liège
Predicube,http://www.predicube.com,Flanders,"Grotesteenweg 43, 2600 Antwerpen, Belgium",Grotesteenweg 43,2600 Antwerpen,2600,Antwerpen
PRICING PACT,https://www.pricingpact.com/,Brussels,"Oude Vijversstraat 55, 1190 Vorst, Belgium",Oude Vijversstraat 55,1190 Vorst,1190,Vorst
Salesflare,https://salesflare.com/,Flanders,"Rijnkaai 37 box 4, 2000 Antwerp, Belgium",Rijnkaai 37 box 4,2000 Antwerp,2000,Antwerp
Showpad,http://www.showpad.com,Flanders,"Moutstraat 62, 9000 Gent, Belgium",Moutstraat 62,9000 Gent,9000,Gent
SIRIUS Insight,http://www.siriusinsight.be,Wallonia,"Av. Alexander Fleming 10, 1348 Ottignies-Louvain-la-Neuve, Belgium",Av. Alexander Fleming 10,1348 Ottignies-Louvain-la-Neuve,1348,Ottignies-Louvain-la-Neuve
Sortlist,https://www.sortlist.com/,Wallonia,"Avenue Zénobe Gramme 29, 1300 Wavre, Belgium",Avenue Zénobe Gramme 29,1300 Wavre,1300,Wavre
Sparkcentral,http://www.twitspark.com,Flanders,"Kempische steenweg 311, 3500 Hasselt, Belgium",Kempische steenweg 311,3500 Hasselt,3500,Hasselt
Spott,http://www.appiness.mobi,Flanders,"Groeneweg 17, 9320 Aalst, Belgium",Groeneweg 17,9320 Aalst,9320,Aalst
Taglayer,http://www.taglayer.com,Flanders,"Oude Koornmarkt 28/Floor 2, 2000 Antwerpen, Belgium",Oude Koornmarkt 28/Floor 2,2000 Antwerpen,2000,Antwerpen
Trackuity,http://www.trackuity.com,Flanders,"Ridderstraat 15, 9000 Gent, Belgium",Ridderstraat 15,9000 Gent,9000,Gent
Verbolia,http://verbolia.com,Wallonia,"Rue Jean Burgers 2, 7850 Edingen, Belgium",Rue Jean Burgers 2,7850 Edingen,7850,Edingen
Willow,http://www.contento.us,Flanders,"Hüttenweg 4, 97877 Wertheim, Duitsland, Belgium",Hüttenweg 4,"97877 Wertheim, Duitsland",97877,"Wertheim, Duitsland"
Alexandria.works,https://alexandria.works/findr/,Flanders,"Sint-Pietersvliet 7, 2000 Antwerpen, Belgium",Sint-Pietersvliet 7,2000 Antwerpen,2000,Antwerpen
Amethix,http://amethix.com,Flanders,"10 Cantersteen, 1000 Brussels, Belgium",10 Cantersteen,1000 Brussels,1000,Brussels
BrightKnight,http://brightknight.eu,Brussels,"Schildknaapsstraat 48, 1000 Brussel, Belgium",Schildknaapsstraat 48,1000 Brussel,1000,Brussel
Crunch Analytics,https://www.crunchanalytics.be/,Flanders,"Rodelijvekensstraat 28/bus 002, 9000 Gent, Belgium",Rodelijvekensstraat 28/bus 002,9000 Gent,9000,Gent
Datascouts,https://datascouts.eu/,Flanders,"Wiedauwkaai 23, 9000 Gent, Belgium",Wiedauwkaai 23,9000 Gent,9000,Gent
Dice,https://www.dice-cro.com/,Flanders,"Het Hofveld 6F, 1702 Groot-Bijgaarden, Belgium",Het Hofveld 6F,1702 Groot-Bijgaarden,1702,Groot-Bijgaarden
Doccle,http://doccle.be,Brussels,"Heizel Esplanade PB 65, 1020 Brussel, Belgium",Heizel Esplanade PB 65,1020 Brussel,1020,Brussel
Dual Lab,https://www.duallab.com/,Brussels,"Avenue des Villas 56/1, 1340 Ottignies-Louvain-la-Neuve, Belgium",Avenue des Villas 56/1,1340 Ottignies-Louvain-la-Neuve,1340,Ottignies-Louvain-la-Neuve
Element 61,https://www.element61.be/en,Brussels,"Buro & Design Center - Esplanade 1, bus 96, 1020 Brussel, Belgium",Buro & Design Center - Esplanade 1,"bus 96, 1020 Brussel",bus,"96, 1020 Brussel"
i.Deeds,https://www.ideeds.be/en,Flanders,"Molenstraat 72, 8790 Waregem, Belgium",Molenstraat 72,8790 Waregem,8790,Waregem
Infofarm,https://infofarm.be/,Flanders,"Prins Boudewijnlaan 24E, 2550 Kontich, Belgium",Prins Boudewijnlaan 24E,2550 Kontich,2550,Kontich
JetPack,http://jetpack.ai,Brussels,"Av. Victor Jacobs 78, 1040 Etterbeek, Belgium",Av. Victor Jacobs 78,1040 Etterbeek,1040,Etterbeek
Kensu,http://www.kensu.io,Wallonia,"Avenue Pré Aily 24, 4031 Angleur, Belgium",Avenue Pré Aily 24,4031 Angleur,4031,Angleur
Klassif.ai,http://www.klassif.ai,Flanders,"Gaston Geenslaan 11, 3001 Leuven, Belgium",Gaston Geenslaan 11,3001 Leuven,3001,Leuven
Marple,https://getmarple.io/,Flanders,"355 Adelaide St W Suite 100, Toronto, ON M5V 1S2, Canada, Belgium",355 Adelaide St W Suite 100,"Toronto, ON M5V 1S2, Canada","Toronto,","ON M5V 1S2, Canada"
Metamaze,https://metamaze.eu/,Flanders,"Oudeleeuwenrui 39, 2000 Antwerpen, Belgium",Oudeleeuwenrui 39,2000 Antwerpen,2000,Antwerpen
Moonoia,https://www.moonoia.com/,Wallonia,"Av. Georges Lemaître 58a, 6041 Charleroi, Belgium",Av. Georges Lemaître 58a,6041 Charleroi,6041,Charleroi
Open Analytics,http://www.openanalytics.eu,Flanders,"Jupiterstraat 20, 2600 Antwerpen, Belgium",Jupiterstraat 20,2600 Antwerpen,2600,Antwerpen
Python Predictions,https://www.pythonpredictions.com/,Brussels,"Roger Vandendriesschelaan 9, 1150 Brussel, Belgium",Roger Vandendriesschelaan 9,1150 Brussel,1150,Brussel
Robonext,http://www.robonext.eu,Flanders,"Vestinglaan 55, 2650 Edegem, Belgium",Vestinglaan 55,2650 Edegem,2650,Edegem
Solventure Life,http://www.solventuregroup.com,Flanders,"Blue Tower 1 Sluisweg 1 Bus 18, 9000 Gent, Belgium",Blue Tower 1 Sluisweg 1 Bus 18,9000 Gent,9000,Gent
TIMI,https://timi.eu,Brussels,"Sint-Denijslaan 253, 9000 Gent, Belgium",Sint-Denijslaan 253,9000 Gent,9000,Gent
UgenTec,http://ugentec.com,Flanders,"Bedrijventerrein Hasselt Kiewit Kempische Steenweg 303, 3500 Hasselt, Belgium",Bedrijventerrein Hasselt Kiewit Kempische Steenweg 303,3500 Hasselt,3500,Hasselt
Uman.ai,http://uman.ai,Flanders,"Esplanade Oscar Van De Voorde 1, 9000 Gent, Belgium",Esplanade Oscar Van De Voorde 1,9000 Gent,9000,Gent
Valkuren,http://www.valkuren.com,Brussels,"Kantersteen 10/12, 1000 Brussel, Belgium",Kantersteen 10/12,1000 Brussel,1000,Brussel
